[
    {
        "id": "1",
        "title": "Pre-Construction Anti-Termite Treatment in Noida & Delhi NCR",
        "slug": "pre-construction-anti-termite",
        "category": "Termite Control",
        "excerpt": "Building a new home? Don't let termites destroy your foundation. Our ISO-certified pre-construction anti-termite treatment comes with a 10-year warranty.",
        "content": "<p>Pre-construction termite control is the most effective way to protect your property. We create a chemical barrier in the soil before the foundation is laid. This treatment is mandatory for new buildings in Noida and Greater Noida according to safety regulations.</p><h3>Why Choose Us?</h3><ul><li>10-Year Warranty</li><li>Bayer & Syngenta Chemicals</li><li>Certified Team</li></ul>",
        "author": "Pest Control Noida Expert",
        "date": "2025-01-28",
        "imageUrl": "https://res.cloudinary.com/dzcxiamxp/image/upload/v1764138047/main-sample.png",
        "seoTitle": "Pre-Construction Anti-Termite Treatment Noida Delhi NCR | Pest Control Noida",
        "seoDescription": "Best pre-construction termite control in Noida, Delhi, and NCR. 10-year warranty. Protect your new home from termites.",
        "tags": [
            "Termite Control",
            "New Construction",
            "Warranty"
        ]
    },
    {
        "id": "2",
        "title": "Post-Construction Termite Treatment",
        "slug": "post-construction-termite-control",
        "category": "Termite Control",
        "excerpt": "Found termites in your walls? Our drill-fill-seal method stops them instantly. protect your woodwork today.",
        "content": "<p>If you notice mud tubes on walls or hollow-sounding wood in your Noida home or office, you might have a termite infestation. Our post-construction treatment is designed to eliminate existing colonies and prevent future attacks in the Delhi NCR region.</p><h3>Method</h3><p>We drill small holes at the skirting level of the walls and inject powerful anti-termite chemicals. These holes are then sealed with white cement, leaving no visible marks. We serve all sectors of Noida and surrounding Delhi NCR areas.</p>",
        "author": "Pest Control Noida Expert",
        "date": "2025-01-25",
        "imageUrl": "https://res.cloudinary.com/dzcxiamxp/image/upload/v1764138046/cld-sample-4.jpg",
        "seoDescription": "Post-construction termite treatment in Noida. Drill-fill-seal method. 5-year warranty.",
        "tags": [
            "Termite Control",
            "Drill-Fill-Seal",
            "5-Year Warranty"
        ]
    },
    {
        "id": "3",
        "title": "Herbal Cockroach Control",
        "slug": "herbal-cockroach-control",
        "category": "Herbal",
        "excerpt": "Safe, odorless, and effective gel-based treatment for cockroaches. Perfect for kitchens and homes with pets in Delhi NCR.",
        "content": "<p>Cockroaches are a major health hazard. Our herbal gel treatment is applied in cracks and crevices where cockroaches hide. It attracts and kills them at the source.</p><h3>Benefits</h3><ul><li>Odorless and safe</li><li>No need to empty the kitchen</li><li>Long-lasting effect</li></ul>",
        "author": "Pest Control Noida Expert",
        "date": "2025-01-20",
        "imageUrl": "https://res.cloudinary.com/dzcxiamxp/image/upload/v1764138045/cld-sample-2.jpg",
        "seoDescription": "Herbal cockroach control in Noida. Odorless gel treatment safe for kitchens and pets.",
        "tags": [
            "Cockroach Control",
            "Herbal",
            "Odorless"
        ]
    },
    {
        "id": "4",
        "title": "Bed Bug Treatment",
        "slug": "bed-bug-treatment",
        "category": "General Pest",
        "excerpt": "Sleep tight without the bites. Our intensive bed bug treatment eliminates bed bugs at all life stages.",
        "content": "<p>Bed bugs are notoriously difficult to get rid of. Our treatment involves a thorough inspection and spraying of infested areas, including mattresses, bed frames, and furniture.</p>",
        "author": "Pest Control Noida Expert",
        "date": "2025-01-15",
        "imageUrl": "https://res.cloudinary.com/dzcxiamxp/image/upload/v1764138039/samples/breakfast.jpg",
        "seoDescription": "Professional bed bug treatment in Noida. Complete elimination of bed bugs.",
        "tags": [
            "Bed Bugs",
            "Intensive Spray",
            "Pest Free"
        ]
    },
    {
        "id": "5",
        "title": "Mosquito Fogging Services",
        "slug": "mosquito-fogging",
        "category": "General Pest",
        "excerpt": "Keep your outdoor areas safe from mosquitoes and vector-borne diseases like Dengue and Malaria in Delhi NCR.",
        "content": "<p>Our thermal fogging service is ideal for societies, parks, and large outdoor areas in Noida and Delhi. It effectively reduces the adult mosquito population.</p>",
        "author": "Pest Control Noida Expert",
        "date": "2025-01-10",
        "imageUrl": "https://res.cloudinary.com/dzcxiamxp/image/upload/v1764138030/samples/animals/three-dogs.jpg",
        "seoDescription": "Mosquito fogging services in Noida for societies and parks.",
        "tags": [
            "Mosquito Control",
            "Fogging",
            "Vector Control"
        ]
    },
    {
        "id": "6",
        "title": "Wood Borer Treatment",
        "slug": "wood-borer-treatment",
        "category": "Termite Control",
        "excerpt": "Protect your expensive wooden furniture from wood-boring beetles. Specialized injection treatment available in Noida.",
        "content": "<p>Wood borers damage wooden furniture by creating tunnels inside. You might see fine wood dust around the furniture. We treat this by injecting chemicals directly into the exit holes. Available for homes and offices across Noida and Delhi NCR.</p>",
        "author": "Pest Control Noida Expert",
        "date": "2025-01-05",
        "imageUrl": "https://res.cloudinary.com/dzcxiamxp/image/upload/v1764138030/samples/people/jazz.jpg",
        "seoDescription": "Wood borer treatment for furniture in Noida. Protect your wood.",
        "tags": [
            "Wood Borer",
            "Furniture Protection",
            "Injection Treatment"
        ]
    },
    {
        "id": "7",
        "title": "Commercial Pest Management",
        "slug": "commercial-pest-management",
        "category": "Commercial",
        "excerpt": "Tailored pest control solutions for offices, hotels, restaurants, and warehouses in Delhi NCR.",
        "content": "<p>Businesses in Noida and Delhi cannot afford pest infestations. We offer annual maintenance contracts (AMC) for commercial properties to ensure a pest-free environment year-round.</p>",
        "author": "Pest Control Noida Expert",
        "date": "2024-12-30",
        "imageUrl": "https://placehold.co/800x600?text=Commercial+Pest+Control",
        "seoDescription": "Commercial pest control services in Noida. AMC available for offices and hotels.",
        "tags": [
            "Commercial",
            "AMC",
            "Office"
        ]
    },
    {
        "id": "8",
        "title": "Rodent Control Services",
        "slug": "rodent-control",
        "category": "General Pest",
        "excerpt": "Effective rat and mouse control using bait stations and trapping methods.",
        "content": "<p>Rodents can cause significant damage to property and wiring. Our strategic baiting and trapping solutions effectively control the rodent population.</p>",
        "author": "Pest Control Noida Expert",
        "date": "2024-12-25",
        "imageUrl": "https://placehold.co/800x600?text=Rodent+Control",
        "seoDescription": "Rodent control services in Noida. Rat and mouse trapping.",
        "tags": [
            "Rodent Control",
            "Baiting",
            "Trapping"
        ]
    }
]